route_id,origin_latitude,origin_longitude,dest_latitude,dest_longitude,duration,distance,route_type,error_description,test_code,test_error_description
458,38.74978962637444,-9.180428485375495,38.74978962637444,-9.13551292662595,1344.0,6.533,safest,,,
458,38.74978962637444,-9.180428485375495,38.74978962637444,-9.13551292662595,1132.1,5.65,balanced,,,
458,38.74978962637444,-9.180428485375495,38.74978962637444,-9.13551292662595,1140.5,5.616,shortest,,,
310,38.74080651462452,-9.189411597125408,38.70487406762487,-9.162462261875678,1620.8,7.154,safest,,,
310,38.74080651462452,-9.189411597125408,38.70487406762487,-9.162462261875678,1603.0,6.943,balanced,,,
310,38.74080651462452,-9.189411597125408,38.70487406762487,-9.162462261875678,1560.2,7.445,shortest,,,
217,38.70487406762487,-9.19390315300036,38.74080651462452,-9.166953817750631,1700.5,8.253,safest,,,
217,38.70487406762487,-9.19390315300036,38.74080651462452,-9.166953817750631,1442.7,6.964,balanced,,,
217,38.70487406762487,-9.19390315300036,38.74080651462452,-9.166953817750631,1442.7,6.964,shortest,,,
526,38.74978962637444,-9.175936929500542,38.776738961624176,-9.140004482500904,1239.0,6.094,safest,,,
526,38.74978962637444,-9.175936929500542,38.776738961624176,-9.140004482500904,1217.4,6.021,balanced,,,
526,38.74978962637444,-9.175936929500542,38.776738961624176,-9.140004482500904,1217.4,6.021,shortest,,,
665,38.74978962637444,-9.166953817750631,38.713857179374784,-9.140004482500904,1245.9,5.695,safest,,,
665,38.74978962637444,-9.166953817750631,38.713857179374784,-9.140004482500904,1124.6,5.318,balanced,,,
665,38.74978962637444,-9.166953817750631,38.713857179374784,-9.140004482500904,1175.1,5.571,shortest,,,
538,38.763264293999306,-9.175936929500542,38.72733184699965,-9.148987594250814,1154.7,5.763,safest,,,
538,38.763264293999306,-9.175936929500542,38.72733184699965,-9.148987594250814,1154.7,5.763,balanced,,,
538,38.763264293999306,-9.175936929500542,38.72733184699965,-9.148987594250814,1201.9,5.999,shortest,,,
732,38.74529807049948,-9.162462261875678,38.77224740574922,-9.12652981487604,1361.6,6.661,safest,,,
732,38.74529807049948,-9.162462261875678,38.77224740574922,-9.12652981487604,1361.6,6.661,balanced,,,
732,38.74529807049948,-9.162462261875678,38.77224740574922,-9.12652981487604,1361.6,6.661,shortest,,,
981,38.74978962637444,-9.14449603837586,38.74978962637444,-9.099580479626312,1490.8,7.201,safest,,,
981,38.74978962637444,-9.14449603837586,38.74978962637444,-9.099580479626312,1413.3,6.989,balanced,,,
981,38.74978962637444,-9.14449603837586,38.74978962637444,-9.099580479626312,1395.1,6.898,shortest,,,
237,38.72733184699965,-9.19390315300036,38.72733184699965,-9.148987594250814,1334.9,6.545,safest,,,
237,38.72733184699965,-9.19390315300036,38.72733184699965,-9.148987594250814,1211.1,5.912,balanced,,,
237,38.72733184699965,-9.19390315300036,38.72733184699965,-9.148987594250814,1211.1,5.912,shortest,,,
143,38.74978962637444,-9.202886264750273,38.776738961624176,-9.166953817750631,1525.5,6.751,safest,,,
143,38.74978962637444,-9.202886264750273,38.776738961624176,-9.166953817750631,1525.5,6.751,balanced,,,
143,38.74978962637444,-9.202886264750273,38.776738961624176,-9.166953817750631,1525.5,6.751,shortest,,,
776,38.7228402911247,-9.157970706000723,38.74978962637444,-9.122038259001084,1269.7,6.317,safest,,,
776,38.7228402911247,-9.157970706000723,38.74978962637444,-9.122038259001084,1269.7,6.317,balanced,,,
776,38.7228402911247,-9.157970706000723,38.74978962637444,-9.122038259001084,1269.7,6.317,shortest,,,
1138,38.78123051749913,-9.12652981487604,38.74529807049948,-9.099580479626312,1335.8,6.634,safest,,,
1138,38.78123051749913,-9.12652981487604,38.74529807049948,-9.099580479626312,1373.8,6.761,balanced,,,
1138,38.78123051749913,-9.12652981487604,38.74529807049948,-9.099580479626312,1373.8,6.761,shortest,,,
832,38.70936562349983,-9.153479150125769,38.73631495874957,-9.11754670312613,1415.6,6.623,safest,,,
832,38.70936562349983,-9.153479150125769,38.73631495874957,-9.11754670312613,1384.3,6.476,balanced,,,
832,38.70936562349983,-9.153479150125769,38.73631495874957,-9.11754670312613,1371.7,6.377,shortest,,,
206,38.75877273812435,-9.198394708875316,38.75877273812435,-9.153479150125769,1194.6,5.219,safest,,,
206,38.75877273812435,-9.198394708875316,38.75877273812435,-9.153479150125769,1128.3,5.054,balanced,,,
206,38.75877273812435,-9.198394708875316,38.75877273812435,-9.153479150125769,1128.3,5.054,shortest,,,
203,38.75877273812435,-9.198394708875316,38.7228402911247,-9.171445373625588,1605.0,7.696,safest,,,
203,38.75877273812435,-9.198394708875316,38.7228402911247,-9.171445373625588,1430.7,6.846,balanced,,,
203,38.75877273812435,-9.198394708875316,38.7228402911247,-9.171445373625588,1430.7,6.846,shortest,,,
1087,38.70936562349983,-9.131021370750997,38.75428118224939,-9.131021370750997,1601.1,7.777,safest,,,
1087,38.70936562349983,-9.131021370750997,38.75428118224939,-9.131021370750997,1517.7,7.163,balanced,,,
1087,38.70936562349983,-9.131021370750997,38.75428118224939,-9.131021370750997,1486.8,7.008,shortest,,,
847,38.73182340287461,-9.153479150125769,38.76775584987426,-9.12652981487604,1530.8,7.181,safest,,,
847,38.73182340287461,-9.153479150125769,38.76775584987426,-9.12652981487604,1440.1,6.975,balanced,,,
847,38.73182340287461,-9.153479150125769,38.76775584987426,-9.12652981487604,1441.4,6.987,shortest,,,
50,38.713857179374784,-9.21186937650018,38.713857179374784,-9.166953817750631,1542.7,6.508,safest,,,
50,38.713857179374784,-9.21186937650018,38.713857179374784,-9.166953817750631,1508.5,6.513,balanced,,,
50,38.713857179374784,-9.21186937650018,38.713857179374784,-9.166953817750631,1495.8,6.449,shortest,,,
81,38.73182340287461,-9.207377820625226,38.70487406762487,-9.171445373625588,1250.6,5.938,safest,,,
81,38.73182340287461,-9.207377820625226,38.70487406762487,-9.171445373625588,1232.8,5.727,balanced,,,
81,38.73182340287461,-9.207377820625226,38.70487406762487,-9.171445373625588,1232.8,5.727,shortest,,,
590,38.74529807049948,-9.171445373625588,38.78123051749913,-9.14449603837586,1781.9,7.317,safest,,,
590,38.74529807049948,-9.171445373625588,38.78123051749913,-9.14449603837586,1793.8,7.48,balanced,,,
590,38.74529807049948,-9.171445373625588,38.78123051749913,-9.14449603837586,1788.7,7.454,shortest,,,
971,38.73631495874957,-9.14449603837586,38.78123051749913,-9.14449603837586,1407.4,6.73,safest,,,
971,38.73631495874957,-9.14449603837586,38.78123051749913,-9.14449603837586,1401.1,6.745,balanced,,,
971,38.73631495874957,-9.14449603837586,38.78123051749913,-9.14449603837586,1359.5,6.692,shortest,,,
896,38.713857179374784,-9.148987594250814,38.74978962637444,-9.122038259001084,1574.2,7.839,safest,,,
896,38.713857179374784,-9.148987594250814,38.74978962637444,-9.122038259001084,1494.4,7.44,balanced,,,
896,38.713857179374784,-9.148987594250814,38.74978962637444,-9.122038259001084,1494.4,7.44,shortest,,,
495,38.71834873524974,-9.175936929500542,38.75428118224939,-9.148987594250814,1544.3,6.9,safest,,,
495,38.71834873524974,-9.175936929500542,38.75428118224939,-9.148987594250814,1364.2,6.497,balanced,,,
495,38.71834873524974,-9.175936929500542,38.75428118224939,-9.148987594250814,1317.9,6.441,shortest,,,
187,38.74080651462452,-9.198394708875316,38.713857179374784,-9.162462261875678,1640.2,7.639,safest,,,
187,38.74080651462452,-9.198394708875316,38.713857179374784,-9.162462261875678,1530.8,7.166,balanced,,,
187,38.74080651462452,-9.198394708875316,38.713857179374784,-9.162462261875678,1526.3,7.225,shortest,,,
652,38.73631495874957,-9.166953817750631,38.70936562349983,-9.131021370750997,1631.1,6.503,safest,,,
652,38.73631495874957,-9.166953817750631,38.70936562349983,-9.131021370750997,1527.8,6.208,balanced,,,
652,38.73631495874957,-9.166953817750631,38.70936562349983,-9.131021370750997,1498.1,6.705,shortest,,,
1124,38.72733184699965,-9.12652981487604,38.77224740574922,-9.12652981487604,1498.4,7.328,safest,,,
1124,38.72733184699965,-9.12652981487604,38.77224740574922,-9.12652981487604,1523.0,7.341,balanced,,,
1124,38.72733184699965,-9.12652981487604,38.77224740574922,-9.12652981487604,1523.0,7.341,shortest,,,
245,38.73631495874957,-9.19390315300036,38.763264293999306,-9.157970706000723,1704.1,8.148,safest,,,
245,38.73631495874957,-9.19390315300036,38.763264293999306,-9.157970706000723,1511.7,7.26,balanced,,,
245,38.73631495874957,-9.19390315300036,38.763264293999306,-9.157970706000723,1511.7,7.26,shortest,,,
530,38.75428118224939,-9.175936929500542,38.72733184699965,-9.140004482500904,1054.9,5.209,safest,,,
530,38.75428118224939,-9.175936929500542,38.72733184699965,-9.140004482500904,1054.9,5.209,balanced,,,
530,38.75428118224939,-9.175936929500542,38.72733184699965,-9.140004482500904,1054.9,5.209,shortest,,,
323,38.74978962637444,-9.189411597125408,38.776738961624176,-9.153479150125769,1313.4,6.365,safest,,,
323,38.74978962637444,-9.189411597125408,38.776738961624176,-9.153479150125769,1217.2,5.949,balanced,,,
323,38.74978962637444,-9.189411597125408,38.776738961624176,-9.153479150125769,1217.2,5.949,shortest,,,
289,38.713857179374784,-9.189411597125408,38.74080651462452,-9.153479150125769,1970.4,8.55,safest,,,
289,38.713857179374784,-9.189411597125408,38.74080651462452,-9.153479150125769,1789.4,7.997,balanced,,,
289,38.713857179374784,-9.189411597125408,38.74080651462452,-9.153479150125769,1779.5,7.969,shortest,,,
999,38.78123051749913,-9.14449603837586,38.74529807049948,-9.11754670312613,1499.9,7.387,safest,,,
999,38.78123051749913,-9.14449603837586,38.74529807049948,-9.11754670312613,1312.7,6.485,balanced,,,
999,38.78123051749913,-9.14449603837586,38.74529807049948,-9.11754670312613,1307.5,6.459,shortest,,,
633,38.713857179374784,-9.166953817750631,38.713857179374784,-9.122038259001084,1097.5,5.104,safest,,,
633,38.713857179374784,-9.166953817750631,38.713857179374784,-9.122038259001084,1097.5,5.104,balanced,,,
633,38.713857179374784,-9.166953817750631,38.713857179374784,-9.122038259001084,1097.5,5.104,shortest,,,
989,38.763264293999306,-9.14449603837586,38.73631495874957,-9.10856359137622,1516.1,7.535,safest,,,
989,38.763264293999306,-9.14449603837586,38.73631495874957,-9.10856359137622,1504.5,7.476,balanced,,,
989,38.763264293999306,-9.14449603837586,38.73631495874957,-9.10856359137622,1504.5,7.476,shortest,,,
404,38.76775584987426,-9.184920041250452,38.73182340287461,-9.157970706000723,1318.0,6.289,safest,,,
404,38.76775584987426,-9.184920041250452,38.73182340287461,-9.157970706000723,1282.0,6.25,balanced,,,
404,38.76775584987426,-9.184920041250452,38.73182340287461,-9.157970706000723,1282.0,6.25,shortest,,,
315,38.74529807049948,-9.189411597125408,38.70936562349983,-9.162462261875678,1727.3,8.307,safest,,,
315,38.74529807049948,-9.189411597125408,38.70936562349983,-9.162462261875678,1428.3,6.855,balanced,,,
315,38.74529807049948,-9.189411597125408,38.70936562349983,-9.162462261875678,1367.4,6.721,shortest,,,
639,38.7228402911247,-9.166953817750631,38.75877273812435,-9.140004482500904,1568.3,6.895,safest,,,
639,38.7228402911247,-9.166953817750631,38.75877273812435,-9.140004482500904,1324.1,6.178,balanced,,,
639,38.7228402911247,-9.166953817750631,38.75877273812435,-9.140004482500904,1277.8,6.122,shortest,,,
823,38.776738961624176,-9.157970706000723,38.776738961624176,-9.113055147251176,1527.1,7.529,safest,,,
823,38.776738961624176,-9.157970706000723,38.776738961624176,-9.113055147251176,1518.1,7.515,balanced,,,
823,38.776738961624176,-9.157970706000723,38.776738961624176,-9.113055147251176,1518.1,7.515,shortest,,,
275,38.76775584987426,-9.19390315300036,38.74080651462452,-9.157970706000723,1319.3,6.285,safest,,,
275,38.76775584987426,-9.19390315300036,38.74080651462452,-9.157970706000723,1263.1,6.247,balanced,,,
275,38.76775584987426,-9.19390315300036,38.74080651462452,-9.157970706000723,1263.1,6.247,shortest,,,
497,38.71834873524974,-9.175936929500542,38.71834873524974,-9.131021370750997,1742.7,8.109,safest,,,
497,38.71834873524974,-9.175936929500542,38.71834873524974,-9.131021370750997,1412.5,6.806,balanced,,,
497,38.71834873524974,-9.175936929500542,38.71834873524974,-9.131021370750997,1278.9,6.281,shortest,,,
127,38.73631495874957,-9.202886264750273,38.70038251174992,-9.175936929500542,1470.1,6.701,safest,,,
127,38.73631495874957,-9.202886264750273,38.70038251174992,-9.175936929500542,1470.1,6.701,balanced,,,
127,38.73631495874957,-9.202886264750273,38.70038251174992,-9.175936929500542,1162.3,5.762,shortest,,,
673,38.75428118224939,-9.166953817750631,38.75428118224939,-9.122038259001084,1319.2,6.207,safest,,,
673,38.75428118224939,-9.166953817750631,38.75428118224939,-9.122038259001084,1307.6,6.149,balanced,,,
673,38.75428118224939,-9.166953817750631,38.75428118224939,-9.122038259001084,1307.6,6.149,shortest,,,
955,38.70936562349983,-9.14449603837586,38.73631495874957,-9.10856359137622,1439.2,6.376,safest,,,
955,38.70936562349983,-9.14449603837586,38.73631495874957,-9.10856359137622,1298.4,5.84,balanced,,,
955,38.70936562349983,-9.14449603837586,38.73631495874957,-9.10856359137622,1298.4,5.84,shortest,,,
1116,38.70936562349983,-9.12652981487604,38.75428118224939,-9.12652981487604,1580.2,7.305,safest,,,
1116,38.70936562349983,-9.12652981487604,38.75428118224939,-9.12652981487604,1438.1,6.937,balanced,,,
1116,38.70936562349983,-9.12652981487604,38.75428118224939,-9.12652981487604,1438.1,6.937,shortest,,,
436,38.72733184699965,-9.180428485375495,38.72733184699965,-9.13551292662595,1317.1,6.332,safest,,,
436,38.72733184699965,-9.180428485375495,38.72733184699965,-9.13551292662595,1278.1,6.333,balanced,,,
436,38.72733184699965,-9.180428485375495,38.72733184699965,-9.13551292662595,1278.1,6.333,shortest,,,
91,38.74978962637444,-9.207377820625226,38.74978962637444,-9.162462261875678,1102.1,5.154,safest,,,
91,38.74978962637444,-9.207377820625226,38.74978962637444,-9.162462261875678,1011.0,4.894,balanced,,,
91,38.74978962637444,-9.207377820625226,38.74978962637444,-9.162462261875678,1011.0,4.894,shortest,,,
1157,38.72733184699965,-9.11754670312613,38.77224740574922,-9.11754670312613,1676.2,8.013,safest,,,
1157,38.72733184699965,-9.11754670312613,38.77224740574922,-9.11754670312613,1465.8,7.305,balanced,,,
1157,38.72733184699965,-9.11754670312613,38.77224740574922,-9.11754670312613,1465.8,7.305,shortest,,,
95,38.75428118224939,-9.207377820625226,38.75428118224939,-9.162462261875678,1263.5,6.104,safest,,,
95,38.75428118224939,-9.207377820625226,38.75428118224939,-9.162462261875678,1044.4,5.031,balanced,,,
95,38.75428118224939,-9.207377820625226,38.75428118224939,-9.162462261875678,1044.4,5.031,shortest,,,
800,38.74529807049948,-9.157970706000723,38.74529807049948,-9.113055147251176,1307.5,6.132,safest,,,
800,38.74529807049948,-9.157970706000723,38.74529807049948,-9.113055147251176,1198.0,5.823,balanced,,,
800,38.74529807049948,-9.157970706000723,38.74529807049948,-9.113055147251176,1198.0,5.823,shortest,,,
583,38.73631495874957,-9.171445373625588,38.763264293999306,-9.13551292662595,2011.0,9.154,safest,,,
583,38.73631495874957,-9.171445373625588,38.763264293999306,-9.13551292662595,1863.3,8.947,balanced,,,
583,38.73631495874957,-9.171445373625588,38.763264293999306,-9.13551292662595,1864.6,8.959,shortest,,,
82,38.73182340287461,-9.207377820625226,38.75877273812435,-9.171445373625588,1474.7,7.196,safest,,,
82,38.73182340287461,-9.207377820625226,38.75877273812435,-9.171445373625588,1282.3,6.308,balanced,,,
82,38.73182340287461,-9.207377820625226,38.75877273812435,-9.171445373625588,1282.3,6.308,shortest,,,
120,38.72733184699965,-9.202886264750273,38.70038251174992,-9.166953817750631,1366.5,5.545,safest,,,
120,38.72733184699965,-9.202886264750273,38.70038251174992,-9.166953817750631,1386.3,6.053,balanced,,,
120,38.72733184699965,-9.202886264750273,38.70038251174992,-9.166953817750631,1234.9,5.899,shortest,,,
684,38.77224740574922,-9.166953817750631,38.74529807049948,-9.131021370750997,1349.6,6.577,safest,,,
684,38.77224740574922,-9.166953817750631,38.74529807049948,-9.131021370750997,1317.8,6.46,balanced,,,
684,38.77224740574922,-9.166953817750631,38.74529807049948,-9.131021370750997,1313.5,6.45,shortest,,,
648,38.73182340287461,-9.166953817750631,38.75877273812435,-9.131021370750997,1413.9,6.396,safest,,,
648,38.73182340287461,-9.166953817750631,38.75877273812435,-9.131021370750997,1359.3,6.498,balanced,,,
648,38.73182340287461,-9.166953817750631,38.75877273812435,-9.131021370750997,1351.5,6.568,shortest,,,
332,38.75877273812435,-9.189411597125408,38.75877273812435,-9.14449603837586,1045.5,5.017,safest,,,
332,38.75877273812435,-9.189411597125408,38.75877273812435,-9.14449603837586,1019.4,4.92,balanced,,,
332,38.75877273812435,-9.189411597125408,38.75877273812435,-9.14449603837586,1019.4,4.92,shortest,,,
134,38.74080651462452,-9.202886264750273,38.713857179374784,-9.166953817750631,1469.9,7.104,safest,,,
134,38.74080651462452,-9.202886264750273,38.713857179374784,-9.166953817750631,1452.1,6.893,balanced,,,
134,38.74080651462452,-9.202886264750273,38.713857179374784,-9.166953817750631,1462.5,7.312,shortest,,,
536,38.75877273812435,-9.175936929500542,38.78572207337409,-9.140004482500904,1314.7,6.425,safest,,,
536,38.75877273812435,-9.175936929500542,38.78572207337409,-9.140004482500904,1250.4,6.135,balanced,,,
536,38.75877273812435,-9.175936929500542,38.78572207337409,-9.140004482500904,1250.4,6.135,shortest,,,
726,38.74080651462452,-9.162462261875678,38.713857179374784,-9.12652981487604,1298.7,5.942,safest,,,
726,38.74080651462452,-9.162462261875678,38.713857179374784,-9.12652981487604,1190.3,5.721,balanced,,,
726,38.74080651462452,-9.162462261875678,38.713857179374784,-9.12652981487604,1158.2,5.448,shortest,,,
573,38.72733184699965,-9.171445373625588,38.763264293999306,-9.14449603837586,2257.1,10.331,safest,,,
573,38.72733184699965,-9.171445373625588,38.763264293999306,-9.14449603837586,1730.4,8.458,balanced,,,
573,38.72733184699965,-9.171445373625588,38.763264293999306,-9.14449603837586,1731.8,8.47,shortest,,,
307,38.73631495874957,-9.189411597125408,38.70936562349983,-9.153479150125769,1599.0,7.347,safest,,,
307,38.73631495874957,-9.189411597125408,38.70936562349983,-9.153479150125769,1516.6,6.975,balanced,,,
307,38.73631495874957,-9.189411597125408,38.70936562349983,-9.153479150125769,1543.9,7.17,shortest,,,
136,38.74080651462452,-9.202886264750273,38.74080651462452,-9.157970706000723,1246.2,5.879,safest,,,
136,38.74080651462452,-9.202886264750273,38.74080651462452,-9.157970706000723,1006.5,5.02,balanced,,,
136,38.74080651462452,-9.202886264750273,38.74080651462452,-9.157970706000723,1006.5,5.02,shortest,,,
774,38.7228402911247,-9.157970706000723,38.76775584987426,-9.157970706000723,1473.6,7.263,safest,,,
774,38.7228402911247,-9.157970706000723,38.76775584987426,-9.157970706000723,1361.3,6.567,balanced,,,
774,38.7228402911247,-9.157970706000723,38.76775584987426,-9.157970706000723,1324.9,6.539,shortest,,,
762,38.70487406762487,-9.157970706000723,38.74978962637444,-9.157970706000723,1750.9,8.145,safest,,,
762,38.70487406762487,-9.157970706000723,38.74978962637444,-9.157970706000723,1608.0,7.659,balanced,,,
762,38.70487406762487,-9.157970706000723,38.74978962637444,-9.157970706000723,1608.0,7.659,shortest,,,
160,38.70936562349983,-9.198394708875316,38.73631495874957,-9.162462261875678,1409.6,6.997,safest,,,
160,38.70936562349983,-9.198394708875316,38.73631495874957,-9.162462261875678,1285.8,6.364,balanced,,,
160,38.70936562349983,-9.198394708875316,38.73631495874957,-9.162462261875678,1285.8,6.364,shortest,,,
792,38.74080651462452,-9.157970706000723,38.713857179374784,-9.122038259001084,1583.1,7.219,safest,,,
792,38.74080651462452,-9.157970706000723,38.713857179374784,-9.122038259001084,1475.0,7.022,balanced,,,
792,38.74080651462452,-9.157970706000723,38.713857179374784,-9.122038259001084,1442.9,6.75,shortest,,,
589,38.74529807049948,-9.171445373625588,38.70936562349983,-9.14449603837586,1845.2,7.0,safest,,,
589,38.74529807049948,-9.171445373625588,38.70936562349983,-9.14449603837586,1735.7,6.804,balanced,,,
589,38.74529807049948,-9.171445373625588,38.70936562349983,-9.14449603837586,1683.5,6.729,shortest,,,
574,38.72733184699965,-9.171445373625588,38.75428118224939,-9.13551292662595,1414.4,6.365,safest,,,
574,38.72733184699965,-9.171445373625588,38.75428118224939,-9.13551292662595,1189.6,5.627,balanced,,,
574,38.72733184699965,-9.171445373625588,38.75428118224939,-9.13551292662595,1189.6,5.627,shortest,,,
840,38.7228402911247,-9.153479150125769,38.75877273812435,-9.12652981487604,1471.5,7.261,safest,,,
840,38.7228402911247,-9.153479150125769,38.75877273812435,-9.12652981487604,1380.4,6.806,balanced,,,
840,38.7228402911247,-9.153479150125769,38.75877273812435,-9.12652981487604,1380.4,6.806,shortest,,,
202,38.75428118224939,-9.198394708875316,38.75428118224939,-9.153479150125769,1145.9,5.566,safest,,,
202,38.75428118224939,-9.198394708875316,38.75428118224939,-9.153479150125769,1007.1,5.036,balanced,,,
202,38.75428118224939,-9.198394708875316,38.75428118224939,-9.153479150125769,1007.1,5.036,shortest,,,
554,38.70487406762487,-9.171445373625588,38.74080651462452,-9.14449603837586,1253.0,6.198,safest,,,
554,38.70487406762487,-9.171445373625588,38.74080651462452,-9.14449603837586,1174.5,5.851,balanced,,,
554,38.70487406762487,-9.171445373625588,38.74080651462452,-9.14449603837586,1164.4,5.822,shortest,,,
7,38.69589095587496,-9.22085248825009,38.7228402911247,-9.184920041250452,1467.6,7.028,safest,,,
7,38.69589095587496,-9.22085248825009,38.7228402911247,-9.184920041250452,1438.4,6.858,balanced,,,
7,38.69589095587496,-9.22085248825009,38.7228402911247,-9.184920041250452,1436.1,6.884,shortest,,,
492,38.713857179374784,-9.175936929500542,38.74080651462452,-9.140004482500904,1416.6,6.981,safest,,,
492,38.713857179374784,-9.175936929500542,38.74080651462452,-9.140004482500904,1091.4,5.41,balanced,,,
492,38.713857179374784,-9.175936929500542,38.74080651462452,-9.140004482500904,1081.5,5.382,shortest,,,
1163,38.7228402911247,-9.113055147251176,38.76775584987426,-9.113055147251176,1278.0,6.375,safest,,,
1163,38.7228402911247,-9.113055147251176,38.76775584987426,-9.113055147251176,1340.6,6.662,balanced,,,
1163,38.7228402911247,-9.113055147251176,38.76775584987426,-9.113055147251176,1340.6,6.662,shortest,,,
760,38.78572207337409,-9.162462261875678,38.74978962637444,-9.13551292662595,1435.0,6.66,safest,,,
760,38.78572207337409,-9.162462261875678,38.74978962637444,-9.13551292662595,1376.7,6.707,balanced,,,
760,38.78572207337409,-9.162462261875678,38.74978962637444,-9.13551292662595,1309.3,6.36,shortest,,,
48,38.713857179374784,-9.21186937650018,38.74978962637444,-9.184920041250452,1782.2,7.724,safest,,,
48,38.713857179374784,-9.21186937650018,38.74978962637444,-9.184920041250452,1579.0,6.904,balanced,,,
48,38.713857179374784,-9.21186937650018,38.74978962637444,-9.184920041250452,1579.0,6.904,shortest,,,
221,38.70936562349983,-9.19390315300036,38.73631495874957,-9.157970706000723,1685.4,8.244,safest,,,
221,38.70936562349983,-9.19390315300036,38.73631495874957,-9.157970706000723,1561.6,7.611,balanced,,,
221,38.70936562349983,-9.19390315300036,38.73631495874957,-9.157970706000723,1561.6,7.611,shortest,,,
835,38.713857179374784,-9.153479150125769,38.74080651462452,-9.11754670312613,1379.3,6.598,safest,,,
835,38.713857179374784,-9.153479150125769,38.74080651462452,-9.11754670312613,1367.7,6.54,balanced,,,
835,38.713857179374784,-9.153479150125769,38.74080651462452,-9.11754670312613,1367.7,6.54,shortest,,,
925,38.74978962637444,-9.148987594250814,38.7228402911247,-9.113055147251176,1311.5,6.219,safest,,,
925,38.74978962637444,-9.148987594250814,38.7228402911247,-9.113055147251176,1701.3,7.963,balanced,,,
925,38.74978962637444,-9.148987594250814,38.7228402911247,-9.113055147251176,1670.8,7.709,shortest,,,
259,38.74978962637444,-9.19390315300036,38.7228402911247,-9.157970706000723,1286.7,6.092,safest,,,
259,38.74978962637444,-9.19390315300036,38.7228402911247,-9.157970706000723,1245.4,6.07,balanced,,,
259,38.74978962637444,-9.19390315300036,38.7228402911247,-9.157970706000723,1117.1,5.539,shortest,,,
614,38.77224740574922,-9.171445373625588,38.77224740574922,-9.12652981487604,1432.7,7.044,safest,,,
614,38.77224740574922,-9.171445373625588,38.77224740574922,-9.12652981487604,1431.0,7.036,balanced,,,
614,38.77224740574922,-9.171445373625588,38.77224740574922,-9.12652981487604,1431.0,7.036,shortest,,,
957,38.713857179374784,-9.14449603837586,38.74978962637444,-9.11754670312613,1663.1,7.595,safest,,,
957,38.713857179374784,-9.14449603837586,38.74978962637444,-9.11754670312613,1486.7,7.081,balanced,,,
957,38.713857179374784,-9.14449603837586,38.74978962637444,-9.11754670312613,1479.0,7.043,shortest,,,
980,38.74529807049948,-9.14449603837586,38.74529807049948,-9.099580479626312,1238.2,5.796,safest,,,
980,38.74529807049948,-9.14449603837586,38.74529807049948,-9.099580479626312,1222.8,5.719,balanced,,,
980,38.74529807049948,-9.14449603837586,38.74529807049948,-9.099580479626312,1222.8,5.719,shortest,,,
493,38.713857179374784,-9.175936929500542,38.713857179374784,-9.131021370750997,1397.5,6.192,safest,,,
493,38.713857179374784,-9.175936929500542,38.713857179374784,-9.131021370750997,1397.5,6.192,balanced,,,
493,38.713857179374784,-9.175936929500542,38.713857179374784,-9.131021370750997,1395.7,6.147,shortest,,,
201,38.75428118224939,-9.198394708875316,38.78123051749913,-9.162462261875678,1315.0,6.355,safest,,,
201,38.75428118224939,-9.198394708875316,38.78123051749913,-9.162462261875678,1315.0,6.355,balanced,,,
201,38.75428118224939,-9.198394708875316,38.78123051749913,-9.162462261875678,1315.0,6.355,shortest,,,
444,38.73631495874957,-9.180428485375495,38.73631495874957,-9.13551292662595,901.9,4.437,safest,,,
444,38.73631495874957,-9.180428485375495,38.73631495874957,-9.13551292662595,901.9,4.437,balanced,,,
444,38.73631495874957,-9.180428485375495,38.73631495874957,-9.13551292662595,901.9,4.437,shortest,,,
121,38.72733184699965,-9.202886264750273,38.75428118224939,-9.166953817750631,1514.9,7.302,safest,,,
121,38.72733184699965,-9.202886264750273,38.75428118224939,-9.166953817750631,1284.5,6.399,balanced,,,
121,38.72733184699965,-9.202886264750273,38.75428118224939,-9.166953817750631,1284.5,6.399,shortest,,,
944,38.776738961624176,-9.148987594250814,38.74978962637444,-9.113055147251176,1459.2,7.207,safest,,,
944,38.776738961624176,-9.148987594250814,38.74978962637444,-9.113055147251176,1272.1,6.306,balanced,,,
944,38.776738961624176,-9.148987594250814,38.74978962637444,-9.113055147251176,1272.1,6.306,shortest,,,
588,38.74080651462452,-9.171445373625588,38.74080651462452,-9.12652981487604,1237.3,6.066,safest,,,
588,38.74080651462452,-9.171445373625588,38.74080651462452,-9.12652981487604,1131.1,5.425,balanced,,,
588,38.74080651462452,-9.171445373625588,38.74080651462452,-9.12652981487604,1120.5,5.242,shortest,,,
268,38.75877273812435,-9.19390315300036,38.78572207337409,-9.157970706000723,1244.1,5.891,safest,,,
268,38.75877273812435,-9.19390315300036,38.78572207337409,-9.157970706000723,1211.2,5.861,balanced,,,
268,38.75877273812435,-9.19390315300036,38.78572207337409,-9.157970706000723,1211.2,5.861,shortest,,,
431,38.7228402911247,-9.180428485375495,38.74978962637444,-9.14449603837586,1395.4,6.373,safest,,,
431,38.7228402911247,-9.180428485375495,38.74978962637444,-9.14449603837586,1310.8,6.258,balanced,,,
431,38.7228402911247,-9.180428485375495,38.74978962637444,-9.14449603837586,1274.3,6.23,shortest,,,
20,38.69589095587496,-9.216360932375135,38.73182340287461,-9.189411597125408,1449.4,6.93,safest,,,
20,38.69589095587496,-9.216360932375135,38.73182340287461,-9.189411597125408,1161.8,5.773,balanced,,,
20,38.69589095587496,-9.216360932375135,38.73182340287461,-9.189411597125408,1170.3,5.836,shortest,,,
952,38.794705185124,-9.148987594250814,38.76775584987426,-9.113055147251176,1547.4,7.695,safest,,,
952,38.794705185124,-9.148987594250814,38.76775584987426,-9.113055147251176,1547.4,7.695,balanced,,,
952,38.794705185124,-9.148987594250814,38.76775584987426,-9.113055147251176,1547.4,7.695,shortest,,,
433,38.72733184699965,-9.180428485375495,38.77224740574922,-9.180428485375495,1452.1,6.846,safest,,,
433,38.72733184699965,-9.180428485375495,38.77224740574922,-9.180428485375495,1374.8,6.589,balanced,,,
433,38.72733184699965,-9.180428485375495,38.77224740574922,-9.180428485375495,1374.8,6.589,shortest,,,
1095,38.72733184699965,-9.131021370750997,38.77224740574922,-9.131021370750997,1558.2,7.627,safest,,,
1095,38.72733184699965,-9.131021370750997,38.77224740574922,-9.131021370750997,1565.6,7.621,balanced,,,
1095,38.72733184699965,-9.131021370750997,38.77224740574922,-9.131021370750997,1565.6,7.621,shortest,,,
475,38.77224740574922,-9.180428485375495,38.74529807049948,-9.14449603837586,1340.5,6.402,safest,,,
475,38.77224740574922,-9.180428485375495,38.74529807049948,-9.14449603837586,1266.1,6.093,balanced,,,
475,38.77224740574922,-9.180428485375495,38.74529807049948,-9.14449603837586,1266.1,6.093,shortest,,,
472,38.76775584987426,-9.180428485375495,38.74080651462452,-9.14449603837586,1200.1,5.661,safest,,,
472,38.76775584987426,-9.180428485375495,38.74080651462452,-9.14449603837586,1202.4,5.672,balanced,,,
472,38.76775584987426,-9.180428485375495,38.74080651462452,-9.14449603837586,1195.2,5.647,shortest,,,
205,38.75877273812435,-9.198394708875316,38.78572207337409,-9.162462261875678,1455.6,6.626,safest,,,
205,38.75877273812435,-9.198394708875316,38.78572207337409,-9.162462261875678,1441.2,6.541,balanced,,,
205,38.75877273812435,-9.198394708875316,38.78572207337409,-9.162462261875678,1441.2,6.541,shortest,,,
447,38.74080651462452,-9.180428485375495,38.76775584987426,-9.14449603837586,1552.4,7.726,safest,,,
447,38.74080651462452,-9.180428485375495,38.76775584987426,-9.14449603837586,1400.9,6.836,balanced,,,
447,38.74080651462452,-9.180428485375495,38.76775584987426,-9.14449603837586,1400.9,6.836,shortest,,,
582,38.73631495874957,-9.171445373625588,38.70936562349983,-9.13551292662595,1422.8,6.255,safest,,,
582,38.73631495874957,-9.171445373625588,38.70936562349983,-9.13551292662595,1319.5,5.961,balanced,,,
582,38.73631495874957,-9.171445373625588,38.70936562349983,-9.13551292662595,1317.4,6.069,shortest,,,
642,38.72733184699965,-9.166953817750631,38.77224740574922,-9.166953817750631,1598.6,7.242,safest,,,
642,38.72733184699965,-9.166953817750631,38.77224740574922,-9.166953817750631,1490.6,6.762,balanced,,,
642,38.72733184699965,-9.166953817750631,38.77224740574922,-9.166953817750631,1542.9,7.508,shortest,,,
368,38.72733184699965,-9.184920041250452,38.72733184699965,-9.140004482500904,1299.4,6.299,safest,,,
368,38.72733184699965,-9.184920041250452,38.72733184699965,-9.140004482500904,1299.4,6.299,balanced,,,
368,38.72733184699965,-9.184920041250452,38.72733184699965,-9.140004482500904,1299.4,6.299,shortest,,,
155,38.70487406762487,-9.198394708875316,38.74978962637444,-9.198394708875316,1339.0,6.695,safest,,,
155,38.70487406762487,-9.198394708875316,38.74978962637444,-9.198394708875316,1339.0,6.695,balanced,,,
155,38.70487406762487,-9.198394708875316,38.74978962637444,-9.198394708875316,1339.0,6.695,shortest,,,
1067,38.73182340287461,-9.13551292662595,38.76775584987426,-9.10856359137622,1722.2,7.828,safest,,,
1067,38.73182340287461,-9.13551292662595,38.76775584987426,-9.10856359137622,1579.1,7.232,balanced,,,
1067,38.73182340287461,-9.13551292662595,38.76775584987426,-9.10856359137622,1579.1,7.232,shortest,,,
460,38.75428118224939,-9.180428485375495,38.790213629249045,-9.153479150125769,1379.4,6.846,safest,,,
460,38.75428118224939,-9.180428485375495,38.790213629249045,-9.153479150125769,1316.7,6.439,balanced,,,
460,38.75428118224939,-9.180428485375495,38.790213629249045,-9.153479150125769,1316.7,6.439,shortest,,,
933,38.75877273812435,-9.148987594250814,38.75877273812435,-9.104072035501266,1079.3,5.329,safest,,,
933,38.75877273812435,-9.148987594250814,38.75877273812435,-9.104072035501266,1079.3,5.329,balanced,,,
933,38.75877273812435,-9.148987594250814,38.75877273812435,-9.104072035501266,1053.6,4.978,shortest,,,
102,38.70487406762487,-9.202886264750273,38.74978962637444,-9.202886264750273,1292.5,6.38,safest,,,
102,38.70487406762487,-9.202886264750273,38.74978962637444,-9.202886264750273,1292.5,6.38,balanced,,,
102,38.70487406762487,-9.202886264750273,38.74978962637444,-9.202886264750273,1292.5,6.38,shortest,,,
66,38.70936562349983,-9.207377820625226,38.70936562349983,-9.162462261875678,1403.6,6.054,safest,,,
66,38.70936562349983,-9.207377820625226,38.70936562349983,-9.162462261875678,1302.2,5.544,balanced,,,
66,38.70936562349983,-9.207377820625226,38.70936562349983,-9.162462261875678,1289.4,5.481,shortest,,,
580,38.73631495874957,-9.171445373625588,38.78123051749913,-9.171445373625588,1580.2,7.747,safest,,,
580,38.73631495874957,-9.171445373625588,38.78123051749913,-9.171445373625588,1438.1,7.186,balanced,,,
580,38.73631495874957,-9.171445373625588,38.78123051749913,-9.171445373625588,1438.1,7.186,shortest,,,
149,38.69589095587496,-9.198394708875316,38.74080651462452,-9.198394708875316,1455.7,6.457,safest,,,
149,38.69589095587496,-9.198394708875316,38.74080651462452,-9.198394708875316,1387.9,6.119,balanced,,,
149,38.69589095587496,-9.198394708875316,38.74080651462452,-9.198394708875316,1387.9,6.119,shortest,,,
496,38.71834873524974,-9.175936929500542,38.74529807049948,-9.140004482500904,1222.5,5.562,safest,,,
496,38.71834873524974,-9.175936929500542,38.74529807049948,-9.140004482500904,1067.8,5.212,balanced,,,
496,38.71834873524974,-9.175936929500542,38.74529807049948,-9.140004482500904,1057.9,5.184,shortest,,,
28,38.70936562349983,-9.216360932375135,38.74529807049948,-9.189411597125408,1461.0,6.954,safest,,,
28,38.70936562349983,-9.216360932375135,38.74529807049948,-9.189411597125408,1360.9,6.587,balanced,,,
28,38.70936562349983,-9.216360932375135,38.74529807049948,-9.189411597125408,1360.9,6.587,shortest,,,
603,38.75877273812435,-9.171445373625588,38.7228402911247,-9.14449603837586,1321.2,6.301,safest,,,
603,38.75877273812435,-9.171445373625588,38.7228402911247,-9.14449603837586,1295.3,6.266,balanced,,,
603,38.75877273812435,-9.171445373625588,38.7228402911247,-9.14449603837586,1295.3,6.266,shortest,,,
1106,38.74978962637444,-9.131021370750997,38.776738961624176,-9.095088923751357,1452.6,7.15,safest,,,
1106,38.74978962637444,-9.131021370750997,38.776738961624176,-9.095088923751357,1452.6,7.15,balanced,,,
1106,38.74978962637444,-9.131021370750997,38.776738961624176,-9.095088923751357,1452.6,7.15,shortest,,,
784,38.73182340287461,-9.157970706000723,38.75877273812435,-9.122038259001084,1519.6,7.336,safest,,,
784,38.73182340287461,-9.157970706000723,38.75877273812435,-9.122038259001084,1448.1,7.051,balanced,,,
784,38.73182340287461,-9.157970706000723,38.75877273812435,-9.122038259001084,1448.1,7.051,shortest,,,
834,38.713857179374784,-9.153479150125769,38.74978962637444,-9.12652981487604,1289.1,6.446,safest,,,
834,38.713857179374784,-9.153479150125769,38.74978962637444,-9.12652981487604,1277.5,6.388,balanced,,,
834,38.713857179374784,-9.153479150125769,38.74978962637444,-9.12652981487604,1277.5,6.388,shortest,,,
42,38.70487406762487,-9.21186937650018,38.74080651462452,-9.184920041250452,1397.2,6.765,safest,,,
42,38.70487406762487,-9.21186937650018,38.74080651462452,-9.184920041250452,1336.9,6.369,balanced,,,
42,38.70487406762487,-9.21186937650018,38.74080651462452,-9.184920041250452,1336.9,6.369,shortest,,,
517,38.74080651462452,-9.175936929500542,38.74080651462452,-9.131021370750997,1001.4,4.954,safest,,,
517,38.74080651462452,-9.175936929500542,38.74080651462452,-9.131021370750997,968.1,4.613,balanced,,,
517,38.74080651462452,-9.175936929500542,38.74080651462452,-9.131021370750997,962.7,4.599,shortest,,,
484,38.70487406762487,-9.175936929500542,38.74080651462452,-9.148987594250814,1542.1,6.68,safest,,,
484,38.70487406762487,-9.175936929500542,38.74080651462452,-9.148987594250814,1197.4,5.671,balanced,,,
484,38.70487406762487,-9.175936929500542,38.74080651462452,-9.148987594250814,1187.5,5.642,shortest,,,
852,38.73631495874957,-9.153479150125769,38.763264293999306,-9.11754670312613,1424.8,6.579,safest,,,
852,38.73631495874957,-9.153479150125769,38.763264293999306,-9.11754670312613,1321.6,6.156,balanced,,,
852,38.73631495874957,-9.153479150125769,38.763264293999306,-9.11754670312613,1325.9,6.183,shortest,,,
608,38.763264293999306,-9.171445373625588,38.763264293999306,-9.12652981487604,1153.1,5.126,safest,,,
608,38.763264293999306,-9.171445373625588,38.763264293999306,-9.12652981487604,1148.0,5.1,balanced,,,
608,38.763264293999306,-9.171445373625588,38.763264293999306,-9.12652981487604,1148.0,5.1,shortest,,,
112,38.713857179374784,-9.202886264750273,38.713857179374784,-9.157970706000723,1410.4,6.274,safest,,,
112,38.713857179374784,-9.202886264750273,38.713857179374784,-9.157970706000723,1377.2,6.284,balanced,,,
112,38.713857179374784,-9.202886264750273,38.713857179374784,-9.157970706000723,1364.5,6.22,shortest,,,
854,38.74080651462452,-9.153479150125769,38.78572207337409,-9.153479150125769,1585.1,7.658,safest,,,
854,38.74080651462452,-9.153479150125769,38.78572207337409,-9.153479150125769,1451.6,6.856,balanced,,,
854,38.74080651462452,-9.153479150125769,38.78572207337409,-9.153479150125769,1415.2,6.828,shortest,,,
878,38.76775584987426,-9.153479150125769,38.73182340287461,-9.12652981487604,1319.0,6.509,safest,,,
878,38.76775584987426,-9.153479150125769,38.73182340287461,-9.12652981487604,1328.5,6.486,balanced,,,
878,38.76775584987426,-9.153479150125769,38.73182340287461,-9.12652981487604,1324.3,6.475,shortest,,,
953,38.70936562349983,-9.14449603837586,38.75428118224939,-9.14449603837586,1624.8,7.056,safest,,,
953,38.70936562349983,-9.14449603837586,38.75428118224939,-9.14449603837586,1492.1,6.445,balanced,,,
953,38.70936562349983,-9.14449603837586,38.75428118224939,-9.14449603837586,1461.0,6.957,shortest,,,
937,38.76775584987426,-9.148987594250814,38.73182340287461,-9.122038259001084,1311.0,6.443,safest,,,
937,38.76775584987426,-9.148987594250814,38.73182340287461,-9.122038259001084,1305.0,6.497,balanced,,,
937,38.76775584987426,-9.148987594250814,38.73182340287461,-9.122038259001084,1222.6,6.072,shortest,,,
1022,38.73182340287461,-9.140004482500904,38.75877273812435,-9.104072035501266,1489.3,7.05,safest,,,
1022,38.73182340287461,-9.140004482500904,38.75877273812435,-9.104072035501266,1442.6,7.03,balanced,,,
1022,38.73182340287461,-9.140004482500904,38.75877273812435,-9.104072035501266,1429.1,6.922,shortest,,,
624,38.70487406762487,-9.166953817750631,38.74978962637444,-9.166953817750631,1608.5,7.319,safest,,,
624,38.70487406762487,-9.166953817750631,38.74978962637444,-9.166953817750631,1410.6,6.962,balanced,,,
624,38.70487406762487,-9.166953817750631,38.74978962637444,-9.166953817750631,1443.7,7.039,shortest,,,
341,38.77224740574922,-9.189411597125408,38.74529807049948,-9.153479150125769,1117.2,5.521,safest,,,
341,38.77224740574922,-9.189411597125408,38.74529807049948,-9.153479150125769,1117.2,5.521,balanced,,,
341,38.77224740574922,-9.189411597125408,38.74529807049948,-9.153479150125769,1117.2,5.521,shortest,,,
190,38.74529807049948,-9.198394708875316,38.70936562349983,-9.171445373625588,1598.4,7.295,safest,,,
190,38.74529807049948,-9.198394708875316,38.70936562349983,-9.171445373625588,1580.6,7.085,balanced,,,
190,38.74529807049948,-9.198394708875316,38.70936562349983,-9.171445373625588,1650.3,8.041,shortest,,,
662,38.74529807049948,-9.166953817750631,38.71834873524974,-9.131021370750997,1339.7,6.17,safest,,,
662,38.74529807049948,-9.166953817750631,38.71834873524974,-9.131021370750997,1231.4,5.948,balanced,,,
662,38.74529807049948,-9.166953817750631,38.71834873524974,-9.131021370750997,1274.9,6.057,shortest,,,
79,38.72733184699965,-9.207377820625226,38.72733184699965,-9.162462261875678,1427.1,7.024,safest,,,
79,38.72733184699965,-9.207377820625226,38.72733184699965,-9.162462261875678,1427.1,7.024,balanced,,,
79,38.72733184699965,-9.207377820625226,38.72733184699965,-9.162462261875678,1425.6,6.957,shortest,,,
196,38.74978962637444,-9.198394708875316,38.7228402911247,-9.162462261875678,1442.4,7.1,safest,,,
196,38.74978962637444,-9.198394708875316,38.7228402911247,-9.162462261875678,1380.0,6.788,balanced,,,
196,38.74978962637444,-9.198394708875316,38.7228402911247,-9.162462261875678,1380.0,6.788,shortest,,,
260,38.74978962637444,-9.19390315300036,38.776738961624176,-9.157970706000723,1226.1,5.96,safest,,,
260,38.74978962637444,-9.19390315300036,38.776738961624176,-9.157970706000723,1168.4,5.819,balanced,,,
260,38.74978962637444,-9.19390315300036,38.776738961624176,-9.157970706000723,1168.4,5.819,shortest,,,
61,38.70487406762487,-9.207377820625226,38.73182340287461,-9.171445373625588,1358.1,6.745,safest,,,
61,38.70487406762487,-9.207377820625226,38.73182340287461,-9.171445373625588,1358.1,6.745,balanced,,,
61,38.70487406762487,-9.207377820625226,38.73182340287461,-9.171445373625588,1358.1,6.745,shortest,,,
985,38.75877273812435,-9.14449603837586,38.7228402911247,-9.11754670312613,1698.7,8.395,safest,,,
985,38.75877273812435,-9.14449603837586,38.7228402911247,-9.11754670312613,1503.9,7.407,balanced,,,
985,38.75877273812435,-9.14449603837586,38.7228402911247,-9.11754670312613,1495.7,7.437,shortest,,,
346,38.70487406762487,-9.184920041250452,38.74978962637444,-9.184920041250452,1815.7,8.884,safest,,,
346,38.70487406762487,-9.184920041250452,38.74978962637444,-9.184920041250452,1612.6,8.063,balanced,,,
346,38.70487406762487,-9.184920041250452,38.74978962637444,-9.184920041250452,1612.6,8.063,shortest,,,
371,38.73182340287461,-9.184920041250452,38.73182340287461,-9.140004482500904,1028.1,5.059,safest,,,
371,38.73182340287461,-9.184920041250452,38.73182340287461,-9.140004482500904,1028.1,5.059,balanced,,,
371,38.73182340287461,-9.184920041250452,38.73182340287461,-9.140004482500904,1028.1,5.059,shortest,,,
987,38.75877273812435,-9.14449603837586,38.75877273812435,-9.099580479626312,1327.4,6.559,safest,,,
987,38.75877273812435,-9.14449603837586,38.75877273812435,-9.099580479626312,1327.4,6.559,balanced,,,
987,38.75877273812435,-9.14449603837586,38.75877273812435,-9.099580479626312,1327.4,6.559,shortest,,,
817,38.76775584987426,-9.157970706000723,38.76775584987426,-9.113055147251176,1202.3,6.012,safest,,,
817,38.76775584987426,-9.157970706000723,38.76775584987426,-9.113055147251176,1164.9,5.798,balanced,,,
817,38.76775584987426,-9.157970706000723,38.76775584987426,-9.113055147251176,1164.9,5.798,shortest,,,
1114,38.78123051749913,-9.131021370750997,38.74529807049948,-9.104072035501266,1468.6,6.931,safest,,,
1114,38.78123051749913,-9.131021370750997,38.74529807049948,-9.104072035501266,1438.0,6.763,balanced,,,
1114,38.78123051749913,-9.131021370750997,38.74529807049948,-9.104072035501266,1438.0,6.763,shortest,,,
924,38.74978962637444,-9.148987594250814,38.713857179374784,-9.122038259001084,1522.5,6.927,safest,,,
924,38.74978962637444,-9.148987594250814,38.713857179374784,-9.122038259001084,1409.1,6.68,balanced,,,
924,38.74978962637444,-9.148987594250814,38.713857179374784,-9.122038259001084,1378.5,6.426,shortest,,,
887,38.78123051749913,-9.153479150125769,38.75428118224939,-9.11754670312613,1352.1,6.425,safest,,,
887,38.78123051749913,-9.153479150125769,38.75428118224939,-9.11754670312613,1340.5,6.367,balanced,,,
887,38.78123051749913,-9.153479150125769,38.75428118224939,-9.11754670312613,1340.5,6.367,shortest,,,
560,38.713857179374784,-9.171445373625588,38.75877273812435,-9.171445373625588,1622.9,7.771,safest,,,
560,38.713857179374784,-9.171445373625588,38.75877273812435,-9.171445373625588,1458.3,7.068,balanced,,,
560,38.713857179374784,-9.171445373625588,38.75877273812435,-9.171445373625588,1452.3,6.971,shortest,,,
63,38.70936562349983,-9.207377820625226,38.75428118224939,-9.207377820625226,1501.9,7.008,safest,,,
63,38.70936562349983,-9.207377820625226,38.75428118224939,-9.207377820625226,1501.9,7.008,balanced,,,
63,38.70936562349983,-9.207377820625226,38.75428118224939,-9.207377820625226,1501.9,7.008,shortest,,,
387,38.74978962637444,-9.184920041250452,38.78572207337409,-9.157970706000723,1456.4,7.036,safest,,,
387,38.74978962637444,-9.184920041250452,38.78572207337409,-9.157970706000723,1404.2,6.683,balanced,,,
387,38.74978962637444,-9.184920041250452,38.78572207337409,-9.157970706000723,1404.2,6.683,shortest,,,
745,38.763264293999306,-9.162462261875678,38.72733184699965,-9.13551292662595,1230.5,5.804,safest,,,
745,38.763264293999306,-9.162462261875678,38.72733184699965,-9.13551292662595,1193.8,5.817,balanced,,,
745,38.763264293999306,-9.162462261875678,38.72733184699965,-9.13551292662595,1190.3,5.81,shortest,,,
474,38.77224740574922,-9.180428485375495,38.73631495874957,-9.153479150125769,1267.3,5.865,safest,,,
474,38.77224740574922,-9.180428485375495,38.73631495874957,-9.153479150125769,1267.3,5.865,balanced,,,
474,38.77224740574922,-9.180428485375495,38.73631495874957,-9.153479150125769,1267.3,5.865,shortest,,,
100,38.70038251174992,-9.202886264750273,38.73631495874957,-9.175936929500542,1486.3,6.912,safest,,,
100,38.70038251174992,-9.202886264750273,38.73631495874957,-9.175936929500542,1332.1,6.158,balanced,,,
100,38.70038251174992,-9.202886264750273,38.73631495874957,-9.175936929500542,1332.1,6.158,shortest,,,
464,38.75877273812435,-9.180428485375495,38.7228402911247,-9.153479150125769,1280.7,6.36,safest,,,
464,38.75877273812435,-9.180428485375495,38.7228402911247,-9.153479150125769,1269.2,6.152,balanced,,,
464,38.75877273812435,-9.180428485375495,38.7228402911247,-9.153479150125769,1269.2,6.152,shortest,,,
485,38.70487406762487,-9.175936929500542,38.73182340287461,-9.140004482500904,1273.8,5.946,safest,,,
485,38.70487406762487,-9.175936929500542,38.73182340287461,-9.140004482500904,1250.3,5.743,balanced,,,
485,38.70487406762487,-9.175936929500542,38.73182340287461,-9.140004482500904,1215.6,5.696,shortest,,,
249,38.74080651462452,-9.19390315300036,38.713857179374784,-9.157970706000723,1561.8,7.311,safest,,,
249,38.74080651462452,-9.19390315300036,38.713857179374784,-9.157970706000723,1465.4,6.968,balanced,,,
249,38.74080651462452,-9.19390315300036,38.713857179374784,-9.157970706000723,1465.4,6.968,shortest,,,
482,38.70038251174992,-9.175936929500542,38.72733184699965,-9.140004482500904,1282.7,6.009,safest,,,
482,38.70038251174992,-9.175936929500542,38.72733184699965,-9.140004482500904,1306.7,6.129,balanced,,,
482,38.70038251174992,-9.175936929500542,38.72733184699965,-9.140004482500904,1306.7,6.129,shortest,,,
229,38.71834873524974,-9.19390315300036,38.74529807049948,-9.157970706000723,1651.0,7.251,safest,,,
229,38.71834873524974,-9.19390315300036,38.74529807049948,-9.157970706000723,1405.8,6.567,balanced,,,
229,38.71834873524974,-9.19390315300036,38.74529807049948,-9.157970706000723,1405.8,6.567,shortest,,,
687,38.776738961624176,-9.166953817750631,38.74978962637444,-9.131021370750997,1499.0,6.382,safest,,,
687,38.776738961624176,-9.166953817750631,38.74978962637444,-9.131021370750997,1428.7,6.508,balanced,,,
687,38.776738961624176,-9.166953817750631,38.74978962637444,-9.131021370750997,1428.7,6.508,shortest,,,
1167,38.74080651462452,-9.099580479626312,38.78572207337409,-9.099580479626312,1130.5,5.592,safest,,,
1167,38.74080651462452,-9.099580479626312,38.78572207337409,-9.099580479626312,1157.6,5.718,balanced,,,
1167,38.74080651462452,-9.099580479626312,38.78572207337409,-9.099580479626312,1157.6,5.718,shortest,,,
861,38.74529807049948,-9.153479150125769,38.71834873524974,-9.11754670312613,1604.1,7.937,safest,,,
861,38.74529807049948,-9.153479150125769,38.71834873524974,-9.11754670312613,1365.3,6.572,balanced,,,
861,38.74529807049948,-9.153479150125769,38.71834873524974,-9.11754670312613,1493.1,7.129,shortest,,,
35,38.71834873524974,-9.216360932375135,38.74529807049948,-9.180428485375495,1482.7,7.117,safest,,,
35,38.71834873524974,-9.216360932375135,38.74529807049948,-9.180428485375495,1316.8,6.56,balanced,,,
35,38.71834873524974,-9.216360932375135,38.74529807049948,-9.180428485375495,1316.8,6.56,shortest,,,
86,38.74529807049948,-9.207377820625226,38.77224740574922,-9.171445373625588,1219.9,5.621,safest,,,
86,38.74529807049948,-9.207377820625226,38.77224740574922,-9.171445373625588,1219.9,5.621,balanced,,,
86,38.74529807049948,-9.207377820625226,38.77224740574922,-9.171445373625588,1219.9,5.621,shortest,,,
157,38.70487406762487,-9.198394708875316,38.73182340287461,-9.162462261875678,1597.2,7.969,safest,,,
157,38.70487406762487,-9.198394708875316,38.73182340287461,-9.162462261875678,1443.7,6.867,balanced,,,
157,38.70487406762487,-9.198394708875316,38.73182340287461,-9.162462261875678,1358.6,6.5,shortest,,,
76,38.72733184699965,-9.207377820625226,38.763264293999306,-9.180428485375495,1340.6,6.586,safest,,,
76,38.72733184699965,-9.207377820625226,38.763264293999306,-9.180428485375495,1174.2,5.795,balanced,,,
76,38.72733184699965,-9.207377820625226,38.763264293999306,-9.180428485375495,1174.2,5.795,shortest,,,
36,38.71834873524974,-9.216360932375135,38.71834873524974,-9.171445373625588,1679.7,7.916,safest,,,
36,38.71834873524974,-9.216360932375135,38.71834873524974,-9.171445373625588,1513.5,7.268,balanced,,,
36,38.71834873524974,-9.216360932375135,38.71834873524974,-9.171445373625588,1500.8,7.204,shortest,,,
191,38.74529807049948,-9.198394708875316,38.78123051749913,-9.171445373625588,1133.9,5.46,safest,,,
191,38.74529807049948,-9.198394708875316,38.78123051749913,-9.171445373625588,1133.9,5.46,balanced,,,
191,38.74529807049948,-9.198394708875316,38.78123051749913,-9.171445373625588,1133.9,5.46,shortest,,,
281,38.70487406762487,-9.189411597125408,38.74080651462452,-9.162462261875678,1863.5,8.743,safest,,,
281,38.70487406762487,-9.189411597125408,38.74080651462452,-9.162462261875678,1609.6,8.015,balanced,,,
281,38.70487406762487,-9.189411597125408,38.74080651462452,-9.162462261875678,1589.1,7.544,shortest,,,
802,38.74978962637444,-9.157970706000723,38.7228402911247,-9.122038259001084,1355.7,6.63,safest,,,
802,38.74978962637444,-9.157970706000723,38.7228402911247,-9.122038259001084,1299.6,6.414,balanced,,,
802,38.74978962637444,-9.157970706000723,38.7228402911247,-9.122038259001084,1295.3,6.403,shortest,,,
679,38.763264293999306,-9.166953817750631,38.763264293999306,-9.122038259001084,1149.1,5.645,safest,,,
679,38.763264293999306,-9.166953817750631,38.763264293999306,-9.122038259001084,1149.1,5.645,balanced,,,
679,38.763264293999306,-9.166953817750631,38.763264293999306,-9.122038259001084,1149.1,5.645,shortest,,,
914,38.73631495874957,-9.148987594250814,38.73631495874957,-9.104072035501266,1376.0,6.498,safest,,,
914,38.73631495874957,-9.148987594250814,38.73631495874957,-9.104072035501266,1192.5,5.9,balanced,,,
914,38.73631495874957,-9.148987594250814,38.73631495874957,-9.104072035501266,1192.5,5.9,shortest,,,
1148,38.73631495874957,-9.122038259001084,38.78123051749913,-9.122038259001084,1452.7,6.87,safest,,,
1148,38.73631495874957,-9.122038259001084,38.78123051749913,-9.122038259001084,1383.7,6.717,balanced,,,
1148,38.73631495874957,-9.122038259001084,38.78123051749913,-9.122038259001084,1383.7,6.717,shortest,,,
743,38.75877273812435,-9.162462261875678,38.73182340287461,-9.12652981487604,1274.4,6.106,safest,,,
743,38.75877273812435,-9.162462261875678,38.73182340287461,-9.12652981487604,1303.8,6.18,balanced,,,
743,38.75877273812435,-9.162462261875678,38.73182340287461,-9.12652981487604,1299.5,6.17,shortest,,,
841,38.7228402911247,-9.153479150125769,38.74978962637444,-9.11754670312613,1330.7,6.554,safest,,,
841,38.7228402911247,-9.153479150125769,38.74978962637444,-9.11754670312613,1306.8,6.435,balanced,,,
841,38.7228402911247,-9.153479150125769,38.74978962637444,-9.11754670312613,1306.8,6.435,shortest,,,
594,38.74978962637444,-9.171445373625588,38.713857179374784,-9.14449603837586,1537.2,6.971,safest,,,
594,38.74978962637444,-9.171445373625588,38.713857179374784,-9.14449603837586,1382.1,6.299,balanced,,,
594,38.74978962637444,-9.171445373625588,38.713857179374784,-9.14449603837586,1384.3,6.481,shortest,,,
555,38.70487406762487,-9.171445373625588,38.73182340287461,-9.13551292662595,1424.4,6.648,safest,,,
555,38.70487406762487,-9.171445373625588,38.73182340287461,-9.13551292662595,1325.1,6.328,balanced,,,
555,38.70487406762487,-9.171445373625588,38.73182340287461,-9.13551292662595,1315.2,6.3,shortest,,,
562,38.713857179374784,-9.171445373625588,38.74080651462452,-9.13551292662595,1395.5,6.746,safest,,,
562,38.713857179374784,-9.171445373625588,38.74080651462452,-9.13551292662595,1164.9,5.631,balanced,,,
562,38.713857179374784,-9.171445373625588,38.74080651462452,-9.13551292662595,1129.1,5.473,shortest,,,
755,38.776738961624176,-9.162462261875678,38.74978962637444,-9.12652981487604,1349.9,6.73,safest,,,
755,38.776738961624176,-9.162462261875678,38.74978962637444,-9.12652981487604,1186.8,5.886,balanced,,,
755,38.776738961624176,-9.162462261875678,38.74978962637444,-9.12652981487604,1186.8,5.886,shortest,,,
831,38.70936562349983,-9.153479150125769,38.74529807049948,-9.12652981487604,1447.9,7.207,safest,,,
831,38.70936562349983,-9.153479150125769,38.74529807049948,-9.12652981487604,1442.5,7.152,balanced,,,
831,38.70936562349983,-9.153479150125769,38.74529807049948,-9.12652981487604,1442.5,7.152,shortest,,,
182,38.73631495874957,-9.198394708875316,38.70936562349983,-9.162462261875678,1484.8,7.12,safest,,,
182,38.73631495874957,-9.198394708875316,38.70936562349983,-9.162462261875678,1398.8,6.389,balanced,,,
182,38.73631495874957,-9.198394708875316,38.70936562349983,-9.162462261875678,1398.8,6.389,shortest,,,
9,38.70038251174992,-9.22085248825009,38.72733184699965,-9.184920041250452,1291.7,6.282,safest,,,
9,38.70038251174992,-9.22085248825009,38.72733184699965,-9.184920041250452,1302.5,6.336,balanced,,,
9,38.70038251174992,-9.22085248825009,38.72733184699965,-9.184920041250452,1302.5,6.336,shortest,,,
708,38.7228402911247,-9.162462261875678,38.75877273812435,-9.13551292662595,1428.8,6.81,safest,,,
708,38.7228402911247,-9.162462261875678,38.75877273812435,-9.13551292662595,1349.0,6.53,balanced,,,
708,38.7228402911247,-9.162462261875678,38.75877273812435,-9.13551292662595,1303.6,6.377,shortest,,,
903,38.7228402911247,-9.148987594250814,38.74978962637444,-9.113055147251176,1201.1,6.006,safest,,,
903,38.7228402911247,-9.148987594250814,38.74978962637444,-9.113055147251176,1165.5,5.828,balanced,,,
903,38.7228402911247,-9.148987594250814,38.74978962637444,-9.113055147251176,1165.5,5.828,shortest,,,
909,38.73182340287461,-9.148987594250814,38.75877273812435,-9.113055147251176,1436.3,6.914,safest,,,
909,38.73182340287461,-9.148987594250814,38.75877273812435,-9.113055147251176,1407.0,6.767,balanced,,,
909,38.73182340287461,-9.148987594250814,38.75877273812435,-9.113055147251176,1407.0,6.767,shortest,,,
312,38.74080651462452,-9.189411597125408,38.713857179374784,-9.153479150125769,1465.2,6.882,safest,,,
312,38.74080651462452,-9.189411597125408,38.713857179374784,-9.153479150125769,1376.6,6.508,balanced,,,
312,38.74080651462452,-9.189411597125408,38.713857179374784,-9.153479150125769,1403.9,6.703,shortest,,,
753,38.77224740574922,-9.162462261875678,38.77224740574922,-9.11754670312613,1336.8,6.53,safest,,,
753,38.77224740574922,-9.162462261875678,38.77224740574922,-9.11754670312613,1293.7,6.362,balanced,,,
753,38.77224740574922,-9.162462261875678,38.77224740574922,-9.11754670312613,1293.7,6.362,shortest,,,
808,38.75428118224939,-9.157970706000723,38.75428118224939,-9.113055147251176,1155.4,5.475,safest,,,
808,38.75428118224939,-9.157970706000723,38.75428118224939,-9.113055147251176,1143.8,5.417,balanced,,,
808,38.75428118224939,-9.157970706000723,38.75428118224939,-9.113055147251176,1143.8,5.417,shortest,,,
1016,38.7228402911247,-9.140004482500904,38.74978962637444,-9.104072035501266,1711.3,7.995,safest,,,
1016,38.7228402911247,-9.140004482500904,38.74978962637444,-9.104072035501266,1386.7,6.211,balanced,,,
1016,38.7228402911247,-9.140004482500904,38.74978962637444,-9.104072035501266,1281.7,6.24,shortest,,,
302,38.72733184699965,-9.189411597125408,38.72733184699965,-9.14449603837586,1330.6,6.636,safest,,,
302,38.72733184699965,-9.189411597125408,38.72733184699965,-9.14449603837586,1330.6,6.636,balanced,,,
